<?xml version="1.0" encoding="UTF-8"?>
<jcr:root xmlns:sling="http://sling.apache.org/jcr/sling/1.0" xmlns:cq="http://www.day.com/jcr/cq/1.0" xmlns:jcr="http://www.jcp.org/jcr/1.0" xmlns:nt="http://www.jcp.org/jcr/nt/1.0"
    jcr:primaryType="nt:unstructured"
    jcr:title="Header Search"
    sling:resourceType="cq/gui/components/authoring/dialog">
    <content
        jcr:primaryType="nt:unstructured"
        sling:resourceType="granite/ui/components/foundation/container">
        <layout
            jcr:primaryType="nt:unstructured"
            sling:resourceType="granite/ui/components/foundation/layouts/tabs"
            type="nav"/>
        <items jcr:primaryType="nt:unstructured">
            <generalTab
                jcr:primaryType="nt:unstructured"
                jcr:title="General"
                sling:resourceType="granite/ui/components/foundation/container">
                <layout
                    jcr:primaryType="nt:unstructured"
                    sling:resourceType="granite/ui/components/foundation/layouts/fixedcolumns"/>
                <items jcr:primaryType="nt:unstructured">
                    <columns
                        jcr:primaryType="nt:unstructured"
                        sling:resourceType="granite/ui/components/foundation/container">
                        <items jcr:primaryType="nt:unstructured">
                            <freeTextLabel
                                jcr:primaryType="nt:unstructured"
                                sling:resourceType="/libs/granite/ui/components/foundation/form/textfield"
                                fieldLabel="Search label"
                                name="./freetext"/>
                            <elasticSearchEnable
                                jcr:primaryType="nt:unstructured"
                                sling:resourceType="granite/ui/components/foundation/form/checkbox"
                                name="./elasticSearch"
                                text="Enable Elastic Search "
                                value="true"/>
                        </items>
                    </columns>
                </items>
            </generalTab>
        </items>
    </content>
</jcr:root>
