<?xml version="1.0" encoding="UTF-8"?>
<jcr:root xmlns:cq="http://www.day.com/jcr/cq/1.0" xmlns:jcr="http://www.jcp.org/jcr/1.0" xmlns:nt="http://www.jcp.org/jcr/nt/1.0"
    jcr:primaryType="cq:Dialog"
    activeTab="0"
    title="Query Packager Configuration"
    xtype="tabpanel">
    <items jcr:primaryType="cq:WidgetCollection">
        <tab1
            jcr:primaryType="cq:Widget"
            title="Query Packager Configuration"
            xtype="panel">
            <items jcr:primaryType="cq:WidgetCollection">
                <package-name
                    jcr:primaryType="cq:Widget"
                    defaultValue="query"
                    fieldDescription="Name of the package to created. [ Default: query ]"
                    fieldLabel="Package name"
                    name="./packageName"
                    xtype="textfield"/>
                <package-group-name
                    jcr:primaryType="cq:Widget"
                    defaultValue="Query"
                    fieldDescription="Package group to assign this package to. [ Default: Query ]"
                    fieldLabel="Package group name"
                    name="./packageGroupName"
                    xtype="textfield"/>
                <package-version
                    jcr:primaryType="cq:Widget"
                    defaultValue="1.0.0"
                    fieldDescription="Package version to assign this package. This value is ignored is Conflict Resolution is set to IncrementValue. [ Default: 1.0.0 ]"
                    fieldLabel="Package version"
                    name="./packageVersion"
                    xtype="textfield"/>
                <package-description
                    jcr:primaryType="cq:Widget"
                    defaultValue="Query Package initially defined by a ACS AEM Commons - Query Packager configuration."
                    fieldDescription="Package description. Enter the purpose and scope of this package for future reference."
                    fieldLabel="Package description"
                    name="./packageDescription"
                    xtype="textarea"/>
                <package-acl-handling
                    jcr:primaryType="cq:Widget"
                    defaultValue="Overwrite"
                    fieldDescription="Dictates how package's ACLs will be installed on target systems. [ Default: Overwrite ]"
                    fieldLabel="Package ACL handling"
                    name="./packageACLHandling"
                    type="select"
                    xtype="selection">
                    <options jcr:primaryType="cq:WidgetCollection">
                        <overwrite
                            jcr:primaryType="nt:unstructured"
                            text="Overwrite"
                            value="Overwrite"/>
                        <merge
                            jcr:primaryType="nt:unstructured"
                            text="Merge"
                            value="Merge"/>
                        <mergePreserve
                            jcr:primaryType="nt:unstructured"
                            text="MergePreserve"
                            value="MergePreserve"/>
                    </options>
                </package-acl-handling>
                <conflict-resolution
                    jcr:primaryType="cq:Widget"
                    defaultValue="IncrementVersion"
                    fieldDescription="Determines how package creation will be handled in the event of an existing package of the same Package group, name and version. [ Default: IncrementVersion ]"
                    fieldLabel="Conflict resolution"
                    name="./conflictResolution"
                    type="select"
                    xtype="selection">
                    <options jcr:primaryType="cq:WidgetCollection">
                        <replace
                            jcr:primaryType="nt:unstructured"
                            text="Replace"
                            value="Replace"/>
                        <increment-version
                            jcr:primaryType="nt:unstructured"
                            text="Increment Version"
                            value="IncrementVersion"/>
                        <none
                            jcr:primaryType="nt:unstructured"
                            text="None"
                            value="None"/>
                    </options>
                </conflict-resolution>
                <query-language
                    jcr:primaryType="cq:Widget"
                    defaultValue="JCR-SQL2"
                    fieldLabel="Query Language"
                    name="./queryLanguage"
                    type="select"
                    xtype="selection">
                    <options jcr:primaryType="cq:WidgetCollection">
                        <xpath
                            jcr:primaryType="nt:unstructured"
                            text="xpath"
                            value="xpath"/>
                        <jcr-sql
                            jcr:primaryType="nt:unstructured"
                            text="JCR-SQL"
                            value="sql"/>
                        <jcr-sql2
                            jcr:primaryType="nt:unstructured"
                            text="JCR-SQL2"
                            value="JCR-SQL2"/>
                        <query-builder
                            jcr:primaryType="nt:unstructured"
                            text="QueryBuilder"
                            value="queryBuilder"/>
                        <list
                            jcr:primaryType="nt:unstructured"
                            text="List (comma, tab, space, semicolon and line feed delimited)"
                            value="list"/>
                    </options>
                </query-language>
                <query
                    jcr:primaryType="cq:Widget"
                    fieldDescription="Query which will collect the resource to package. Must match the above Query Language."
                    fieldLabel="Query"
                    name="./query"
                    xtype="textarea"/>
                <relative-path
                    jcr:primaryType="cq:Widget"
                    fieldDescription="Relative path that is resolved against each query result resource. If resolves to a resource, this resource is included in the package."
                    fieldLabel="Relative Path"
                    name="./relPath"
                    xtype="textfield"/>
            </items>
        </tab1>
    </items>
</jcr:root>
