<?xml version="1.0" encoding="UTF-8"?>
<jcr:root xmlns:sling="http://sling.apache.org/jcr/sling/1.0" xmlns:cq="http://www.day.com/jcr/cq/1.0" xmlns:jcr="http://www.jcp.org/jcr/1.0" xmlns:nt="http://www.jcp.org/jcr/nt/1.0"
    jcr:primaryType="nt:unstructured"
    jcr:title="CTA Image - Title, Desc, Link, Highlight, Button"
    sling:resourceType="cq/gui/components/authoring/dialog"
    helpPath="en/cq/current/wcm/default_components.html#Text">
    <content
        jcr:primaryType="nt:unstructured"
        sling:resourceType="granite/ui/components/foundation/container">
        <layout
            jcr:primaryType="nt:unstructured"
            sling:resourceType="granite/ui/components/foundation/layouts/tabs"
            type="nav"/>
        <items jcr:primaryType="nt:unstructured">
            <imagetab
                jcr:primaryType="nt:unstructured"
                jcr:title="Image"
                sling:resourceType="granite/ui/components/foundation/section">
                <layout
                    jcr:primaryType="nt:unstructured"
                    sling:resourceType="granite/ui/components/foundation/layouts/fixedcolumns"/>
                <items jcr:primaryType="nt:unstructured">
                    <column
                        jcr:primaryType="nt:unstructured"
                        sling:resourceType="granite/ui/components/foundation/container">
                        <items jcr:primaryType="nt:unstructured">
                            <fieldset
                                jcr:primaryType="nt:unstructured"
                                sling:resourceType="granite/ui/components/foundation/form/fieldset">
                                <layout
                                    jcr:primaryType="nt:unstructured"
                                    sling:resourceType="granite/ui/components/foundation/layouts/fixedcolumns"/>
                                <items jcr:primaryType="nt:unstructured">
                                    <column
                                        jcr:primaryType="nt:unstructured"
                                        sling:resourceType="granite/ui/components/foundation/container">
                                        <items jcr:primaryType="nt:unstructured">
                                            <image
                                                jcr:primaryType="nt:unstructured"
                                                sling:resourceType="granite/ui/components/foundation/form/fileupload"
                                                autoStart="{Boolean}false"
                                                class="cq-droptarget"
                                                fieldDescription="Drag from DAM or upload from your machine"
                                                fieldLabel="Image"
                                                fileNameParameter="./imageName"
                                                fileReferenceParameter="./imageRef"
                                                mimeTypes="[image]"
                                                multiple="{Boolean}false"
                                                name="./image"
                                                placeholder="/content/dam/Paintings/Placeholder.png"
                                                title="Drag/Upload Image"
                                                uploadUrl="${suffix.path}"
                                                useHTML5="{Boolean}true"/>
                                            <imagePath
                                                jcr:primaryType="nt:unstructured"
                                                sling:resourceType="granite/ui/components/foundation/form/pathbrowser"
                                                fieldLabel="Image url"
                                                name="./imagePath"/>
                                            <imageAlttext
                                                jcr:primaryType="nt:unstructured"
                                                sling:resourceType="granite/ui/components/foundation/form/textfield"
                                                fieldLabel="Alt text"
                                                name="./alttext"/>
                                        </items>
                                    </column>
                                </items>
                            </fieldset>
                        </items>
                    </column>
                </items>
            </imagetab>
            <texttab
                jcr:primaryType="nt:unstructured"
                jcr:title="Text tab"
                sling:resourceType="granite/ui/components/foundation/container">
                <layout
                    jcr:primaryType="nt:unstructured"
                    sling:resourceType="granite/ui/components/foundation/layouts/fixedcolumns"/>
                <items jcr:primaryType="nt:unstructured">
                    <columns
                        jcr:primaryType="nt:unstructured"
                        sling:resourceType="granite/ui/components/foundation/container">
                        <items jcr:primaryType="nt:unstructured">
                            <title
                                jcr:primaryType="nt:unstructured"
                                sling:resourceType="granite/ui/components/foundation/form/textfield"
                                fieldLabel="Title"
                                name="./title"/>
                            <subtitle
                                jcr:primaryType="nt:unstructured"
                                sling:resourceType="granite/ui/components/foundation/form/textfield"
                                fieldLabel="Sub title"
                                name="./subtitle"/>
                            <linkTitle
                                jcr:primaryType="nt:unstructured"
                                sling:resourceType="granite/ui/components/foundation/form/textfield"
                                fieldLabel="Link label"
                                name="./linkTitle"
                                required="false"/>
                            <linkPath
                                jcr:primaryType="nt:unstructured"
                                sling:resourceType="granite/ui/components/foundation/form/pathbrowser"
                                fieldLabel="Link url"
                                name="./linkPath"
                                required="false"/>
                            <openUrlInNewWindow
                                jcr:primaryType="nt:unstructured"
                                sling:resourceType="granite/ui/components/foundation/form/checkbox"
                                name="./openUrlInNewWindow"
                                text="Open in new window"
                                value="yes"/>
                        </items>
                    </columns>
                </items>
            </texttab>
        </items>
    </content>
</jcr:root>
