<?xml version="1.0" encoding="UTF-8"?>
<jcr:root xmlns:cq="http://www.day.com/jcr/cq/1.0" xmlns:jcr="http://www.jcp.org/jcr/1.0" xmlns:nt="http://www.jcp.org/jcr/nt/1.0"
    jcr:primaryType="cq:Dialog"
    title="Logo"
    width="800"
    xtype="dialog">
    <items
        jcr:primaryType="cq:Widget"
        xtype="tabpanel">
        <items jcr:primaryType="cq:WidgetCollection">
            <generalTab
                jcr:primaryType="cq:Widget"
                title="General"
                xtype="panel">
                <items jcr:primaryType="cq:WidgetCollection">
                    <image
                        jcr:primaryType="cq:Widget"
                        fieldLabel="Logo"
                        name="./path"
                        rootPath="/content/dam"
                        xtype="pathfield"/>
                    <altText
                        jcr:primaryType="cq:Widget"
                        fieldLabel="Alternate Text"
                        name="./altText"
                        xtype="textfield"/>
                    <logoLink
                        jcr:primaryType="cq:Widget"
                        fieldLabel="Logo Link"
                        name="./logoLink"
                        xtype="pathfield"/>
                </items>
            </generalTab>
            <stylesTab
                jcr:primaryType="cq:Widget"
                xtype="componentstyles">
                <items jcr:primaryType="cq:WidgetCollection">
                    <styles
                        jcr:primaryType="cq:Widget"
                        allowBlank="{Boolean}true"
                        fieldDescription="Note: Select the style to be added to the logo"
                        fieldLabel="Logo Styles"
                        name="./styles"
                        options="/etc/config/informa/components/content/column-control/columns.options.json"
                        type="select"
                        xtype="selection">
                        <options jcr:primaryType="cq:WidgetCollection">
                            <alignRight
                                jcr:primaryType="nt:unstructured"
                                text="Align right"
                                value="navbar-right"/>
                        </options>
                    </styles>
                </items>
            </stylesTab>
        </items>
    </items>
</jcr:root>
