<?xml version="1.0" encoding="UTF-8"?>
<jcr:root xmlns:sling="http://sling.apache.org/jcr/sling/1.0" xmlns:cq="http://www.day.com/jcr/cq/1.0" xmlns:jcr="http://www.jcp.org/jcr/1.0" xmlns:nt="http://www.jcp.org/jcr/nt/1.0"
    jcr:primaryType="nt:unstructured"
    jcr:title="Logo"
    sling:resourceType="cq/gui/components/authoring/dialog">
    <content
        jcr:primaryType="nt:unstructured"
        sling:resourceType="granite/ui/components/foundation/container">
        <layout
            jcr:primaryType="nt:unstructured"
            sling:resourceType="granite/ui/components/foundation/layouts/tabs"
            type="nav"/>
        <items jcr:primaryType="nt:unstructured">
            <logo
                jcr:primaryType="nt:unstructured"
                jcr:title="Logo image"
                sling:resourceType="granite/ui/components/foundation/container">
                <layout
                    jcr:primaryType="nt:unstructured"
                    sling:resourceType="granite/ui/components/foundation/layouts/fixedcolumns"/>
                <items jcr:primaryType="nt:unstructured">
                    <columns
                        jcr:primaryType="nt:unstructured"
                        sling:resourceType="granite/ui/components/foundation/container">
                        <items jcr:primaryType="nt:unstructured">
                            <imageAltText
                                jcr:primaryType="nt:unstructured"
                                sling:resourceType="granite/ui/components/foundation/form/textfield"
                                fieldDescription="Give the alternative name for the image"
                                fieldLabel="Image alternative text"
                                name="./image/alt"/>
                            <file
                                jcr:primaryType="nt:unstructured"
                                sling:resourceType="granite/ui/components/foundation/form/fileupload"
                                autoStart="{Boolean}false"
                                class="cq-droptarget"
                                fieldDescription="Upload the image of appropriate size only"
                                fieldLabel="Logo image"
                                fileNameParameter="./image/fileName"
                                mimeTypes="[image]"
                                multiple="{Boolean}false"
                                name="./image/file"
                                title="Upload image asset"
                                uploadUrl="${suffix.path}"
                                useHTML5="{Boolean}true"/>
                            <resType
                                jcr:primaryType="nt:unstructured"
                                sling:resourceType="granite/ui/components/foundation/form/hidden"
                                name="./image/sling:resourceType"
                                value="foundation/components/image"/>
                            <imageLink
                                jcr:primaryType="nt:unstructured"
                                sling:resourceType="granite/ui/components/foundation/form/pathbrowser"
                                fieldDescription="Choose the link path"
                                fieldLabel="Image link"
                                name="./imageLink"/>
                            <externalUrl
                                jcr:primaryType="nt:unstructured"
                                sling:resourceType="granite/ui/components/foundation/form/checkbox"
                                fieldDescription="Select when external url is authored"
                                name="./externalUrl"
                                text="External url"
                                value="{Boolean}true"/>
                            <openUrlInNewWindow
                                jcr:primaryType="nt:unstructured"
                                sling:resourceType="granite/ui/components/foundation/form/checkbox"
                                name="./openUrlInNewWindow"
                                text="Open in new window"
                                value="yes"/>
                        </items>
                    </columns>
                </items>
            </logo>
        </items>
    </content>
</jcr:root>
