<?xml version="1.0" encoding="UTF-8"?>
<jcr:root xmlns:cq="http://www.day.com/jcr/cq/1.0" xmlns:jcr="http://www.jcp.org/jcr/1.0" xmlns:nt="http://www.jcp.org/jcr/nt/1.0"
    jcr:primaryType="cq:Dialog"
    activeTab="0"
    title="Dispatcher Flush Configuration"
    xtype="tabpanel">
    <items jcr:primaryType="cq:WidgetCollection">
        <tab1
            jcr:primaryType="cq:Widget"
            title="Dispatcher Flush Configuration"
            xtype="panel">
            <items jcr:primaryType="cq:WidgetCollection">
                <replicationactiontype
                    jcr:primaryType="cq:Widget"
                    defaultValue="ACTIVATE"
                    fieldDescription="Dispatcher flush method. This effects how cached files are effected (invalidate or delete)."
                    fieldLabel="Flush method"
                    name="./replicationActionType"
                    type="select"
                    value="ACTIVATE"
                    xtype="selection">
                    <options jcr:primaryType="cq:WidgetCollection">
                        <activate
                            jcr:primaryType="nt:unstructured"
                            text="Invalidate Cache"
                            value="ACTIVATE"/>
                        <delete
                            jcr:primaryType="nt:unstructured"
                            text="Delete Cache"
                            value="DELETE"/>
                    </options>
                </replicationactiontype>
                <paths
                    jcr:primaryType="cq:Widget"
                    fieldDescription="Click the '+' to add a new paths to flush"
                    fieldLabel="Paths to flush"
                    name="./paths"
                    xtype="multifield">
                    <fieldConfig
                        jcr:primaryType="cq:Widget"
                        predicate="[hierarchy]"
                        rootPath="/"
                        showTitlesInTree="{Boolean}false"
                        xtype="pathfield"/>
                </paths>
            </items>
        </tab1>
    </items>
</jcr:root>
