<?xml version="1.0" encoding="UTF-8"?>
<jcr:root xmlns:sling="http://sling.apache.org/jcr/sling/1.0" xmlns:cq="http://www.day.com/jcr/cq/1.0" xmlns:jcr="http://www.jcp.org/jcr/1.0" xmlns:nt="http://www.jcp.org/jcr/nt/1.0"
    jcr:primaryType="nt:unstructured"
    jcr:title="Definition List"
    sling:resourceType="cq/gui/components/authoring/dialog">
    <content
        jcr:primaryType="nt:unstructured"
        sling:resourceType="granite/ui/components/foundation/container">
        <layout
            jcr:primaryType="nt:unstructured"
            sling:resourceType="granite/ui/components/foundation/layouts/fixedcolumns"/>
        <items jcr:primaryType="nt:unstructured">
            <columns
                jcr:primaryType="nt:unstructured"
                sling:resourceType="granite/ui/components/foundation/container">
                <items jcr:primaryType="nt:unstructured">
                    <definitions
                        jcr:primaryType="nt:unstructured"
                        sling:resourceType="granite/ui/components/foundation/form/multifield"
                        fieldLabel="Definitions">
                        <field
                            jcr:primaryType="nt:unstructured"
                            sling:resourceType="granite/ui/components/foundation/form/fieldset"
                            acs-commons-nested=""
                            name="./definitions">
                            <layout
                                jcr:primaryType="nt:unstructured"
                                sling:resourceType="granite/ui/components/foundation/layouts/fixedcolumns"
                                method="absolute"/>
                            <items jcr:primaryType="nt:unstructured">
                                <column
                                    jcr:primaryType="nt:unstructured"
                                    sling:resourceType="granite/ui/components/foundation/container">
                                    <items jcr:primaryType="nt:unstructured">
                                        <term
                                            jcr:primaryType="nt:unstructured"
                                            sling:resourceType="granite/ui/components/foundation/form/textfield"
                                            fieldLabel="Term"
                                            name="./term"/>
                                        <definition
                                            jcr:primaryType="nt:unstructured"
                                            sling:resourceType="granite/ui/components/foundation/form/textarea"
                                            fieldLabel="Definition"
                                            name="./definition"/>
                                    </items>
                                </column>
                            </items>
                        </field>
                    </definitions>
                    <typehint
                        jcr:primaryType="nt:unstructured"
                        sling:resourceType="granite/ui/components/foundation/form/hidden"
                        name="./definitions@TypeHint"
                        value="String[]"/>
                </items>
            </columns>
        </items>
    </content>
</jcr:root>
