<?xml version="1.0" encoding="UTF-8"?>
<jcr:root xmlns:sling="http://sling.apache.org/jcr/sling/1.0" xmlns:cq="http://www.day.com/jcr/cq/1.0" xmlns:jcr="http://www.jcp.org/jcr/1.0" xmlns:nt="http://www.jcp.org/jcr/nt/1.0"
    jcr:primaryType="nt:unstructured"
    jcr:title="Header Link"
    sling:resourceType="cq/gui/components/authoring/dialog">
    <content
        jcr:primaryType="nt:unstructured"
        sling:resourceType="granite/ui/components/foundation/container">
        <layout
            jcr:primaryType="nt:unstructured"
            sling:resourceType="granite/ui/components/foundation/layouts/tabs"
            type="nav"/>
        <items jcr:primaryType="nt:unstructured">
            <links
                jcr:primaryType="nt:unstructured"
                jcr:title="Links"
                sling:resourceType="granite/ui/components/foundation/container">
                <layout
                    jcr:primaryType="nt:unstructured"
                    sling:resourceType="granite/ui/components/foundation/layouts/fixedcolumns"/>
                <items jcr:primaryType="nt:unstructured">
                    <columns
                        jcr:primaryType="nt:unstructured"
                        sling:resourceType="granite/ui/components/foundation/container">
                        <items jcr:primaryType="nt:unstructured">
                            <multi
                                jcr:primaryType="nt:unstructured"
                                sling:resourceType="granite/ui/components/foundation/form/multifield"
                                aem-composit-multifield=""
                                class="full-width"
                                eaem-nested=""
                                fieldDescription="Click 'Add field' to links"
                                fieldLabel="List details"
                                name="./multi">
                                <field
                                    jcr:primaryType="nt:unstructured"
                                    sling:resourceType="granite/ui/components/foundation/form/fieldset"
                                    eaem-nested=""
                                    name="./multi">
                                    <layout
                                        jcr:primaryType="nt:unstructured"
                                        sling:resourceType="granite/ui/components/foundation/layouts/fixedcolumns"
                                        method="absolute"/>
                                    <items jcr:primaryType="nt:unstructured">
                                        <column
                                            jcr:primaryType="nt:unstructured"
                                            sling:resourceType="granite/ui/components/foundation/container">
                                            <items jcr:primaryType="nt:unstructured">
                                                <title
                                                    jcr:primaryType="nt:unstructured"
                                                    sling:resourceType="granite/ui/components/foundation/form/textfield"
                                                    fieldDescription="Provide the title"
                                                    fieldLabel="Title"
                                                    name="./title"
                                                    required="{Boolean}true"/>
                                                <linkPath
                                                    jcr:primaryType="nt:unstructured"
                                                    sling:resourceType="granite/ui/components/foundation/form/pathbrowser"
                                                    fieldDescription="Provide the internal/external url"
                                                    fieldLabel="Internal/External url"
                                                    name="./linkPath"/>
                                                <openUrlInNewWindow
                                                    jcr:primaryType="nt:unstructured"
                                                    sling:resourceType="granite/ui/components/foundation/form/checkbox"
                                                    name="./openUrlInNewWindow"
                                                    text="Open in new window"
                                                    value="yes"/>
                                            </items>
                                        </column>
                                    </items>
                                </field>
                            </multi>
                        </items>
                    </columns>
                </items>
            </links>
        </items>
    </content>
</jcr:root>
