<?xml version="1.0" encoding="UTF-8"?>
<jcr:root xmlns:sling="http://sling.apache.org/jcr/sling/1.0" xmlns:cq="http://www.day.com/jcr/cq/1.0" xmlns:jcr="http://www.jcp.org/jcr/1.0" xmlns:nt="http://www.jcp.org/jcr/nt/1.0"
    jcr:primaryType="nt:unstructured"
    jcr:title="Page"
    sling:resourceType="cq/gui/components/authoring/dialog"
    extraClientlibs="[cq.common.wcm,cq.siteadmin.admin.properties]"
    mode="edit">
    <content
        jcr:primaryType="nt:unstructured"
        sling:resourceType="granite/ui/components/foundation/container"
        class="cq-dialog-content-page">
        <items jcr:primaryType="nt:unstructured">
            <tabs
                jcr:primaryType="nt:unstructured"
                sling:resourceType="granite/ui/components/foundation/container"
                rel="cq-siteadmin-admin-properties-tabs">
                <layout
                    jcr:primaryType="nt:unstructured"
                    sling:resourceType="granite/ui/components/foundation/layouts/tabs"
                    type="nav"/>
                <items jcr:primaryType="nt:unstructured">
                    <basic
                        jcr:primaryType="nt:unstructured"
                        sling:resourceType="granite/ui/components/foundation/include"
                        path="foundation/components/page/cq:dialog/content/items/tabs/items/basic"/>
                    <advanced
                        jcr:primaryType="nt:unstructured"
                        sling:resourceType="granite/ui/components/foundation/include"
                        path="foundation/components/page/cq:dialog/content/items/tabs/items/advanced"/>
                    <thumbnail
                        jcr:primaryType="nt:unstructured"
                        sling:resourceType="granite/ui/components/foundation/include"
                        path="foundation/components/page/cq:dialog/content/items/tabs/items/thumbnail"/>
                    <cloudservices
                        jcr:primaryType="nt:unstructured"
                        sling:resourceType="granite/ui/components/foundation/include"
                        path="foundation/components/page/cq:dialog/content/items/tabs/items/cloudservices"/>
                    <permissions
                        jcr:primaryType="nt:unstructured"
                        sling:resourceType="granite/ui/components/foundation/include"
                        path="foundation/components/page/cq:dialog/content/items/tabs/items/permissions"/>
                    <blueprint
                        jcr:primaryType="nt:unstructured"
                        sling:resourceType="granite/ui/components/foundation/include"
                        path="foundation/components/page/cq:dialog/content/items/tabs/items/blueprint"/>
                    <livecopy
                        jcr:primaryType="nt:unstructured"
                        sling:resourceType="granite/ui/components/foundation/include"
                        path="foundation/components/page/cq:dialog/content/items/tabs/items/livecopy"/>
                    <hybris
                        jcr:primaryType="nt:unstructured"
                        jcr:title="Hybris"
                        sling:resourceType="granite/ui/components/foundation/section">
                        <layout
                            jcr:primaryType="nt:unstructured"
                            sling:resourceType="granite/ui/components/foundation/layouts/fixedcolumns"
                            margin="{Boolean}false"/>
                        <items jcr:primaryType="nt:unstructured">
                            <column
                                jcr:primaryType="nt:unstructured"
                                sling:resourceType="granite/ui/components/foundation/container">
                                <items jcr:primaryType="nt:unstructured">
                                    <hybrisUrl
                                        jcr:primaryType="nt:unstructured"
                                        jcr:title="Hybris URL"
                                        sling:resourceType="granite/ui/components/foundation/form/fieldset">
                                        <items jcr:primaryType="nt:unstructured">
                                            <hybrisRedirectPath
                                                jcr:primaryType="nt:unstructured"
                                                sling:resourceType="granite/ui/components/foundation/form/textfield"
                                                fieldLabel="Hybris Redirect Page Path"
                                                name="./hybrisRedirectPage"/>
                                            <parameter
                                                jcr:primaryType="nt:unstructured"
                                                sling:resourceType="granite/ui/components/foundation/form/textfield"
                                                fieldLabel="Query Parameter"
                                                name="./parameter"/>
                                        </items>
                                    </hybrisUrl>
                                </items>
                            </column>
                        </items>
                    </hybris>
                    <favicon
                        cq:showOnCreate="{Boolean}false"
                        jcr:primaryType="nt:unstructured"
                        jcr:title="Fav Icon"
                        sling:resourceType="granite/ui/components/foundation/form/fieldset">
                        <items jcr:primaryType="nt:unstructured">
                            <favicon
                                jcr:primaryType="nt:unstructured"
                                sling:resourceType="granite/ui/components/foundation/form/pathbrowser"
                                fieldDescription="Fav Icon for the site"
                                fieldLabel="Fav icon path"
                                name="./favicon"/>
                        </items>
                    </favicon>
                </items>
            </tabs>
        </items>
    </content>
</jcr:root>
